{
  "rows": 128976,
  "total_revenue": 78590170.24999997,
  "total_units": 116646,
  "total_orders": 120229,
  "aov": 653.6706638997244,
  "return_rate_lines": 0.1584248232229252,
  "delivery_rate_orders": 0.22085353783197065
}