rows,total_revenue,total_units,total_orders,aov,return_rate_lines,delivery_rate_orders
128976,78590170.24999997,116646,120229,653.6706638997244,0.1584248232229252,0.22085353783197065
